# module	maxHeartbeats	maxRecDepth	import-Mathlib-whole
# Generated by scripts/check-elab-cost.py --update-baseline.
# These numbers may only go DOWN. See the module docstring for why this
# gate ratchets declarations and not wall time.
Dregg2.Authority.Epistemic	0	8192	0
Dregg2.Bridge.LightClientEth	0	8192	0
Dregg2.Bridge.LightClientEthGate	0	8192	0
Dregg2.Bridge.LightClientMinaGate	0	8192	0
Dregg2.Bridge.LightClientMptGate	0	8192	0
Dregg2.Bridge.LightClientTendermintGate	0	8192	0
Dregg2.Bridge.LightClientTendermintSkip	0	8192	0
Dregg2.Bridge.MinaAccountOpening	0	1000000	0
Dregg2.Bridge.MinaAccountOpeningRealBlock	0	4000000	0
Dregg2.Bridge.MinaBinprot	0	40000	0
Dregg2.Bridge.MinaBinprotRealBlock	0	1000000	0
Dregg2.Bridge.MinaChainSelection	0	40000	0
Dregg2.Bridge.MinaChainSelectionDifferential	0	100000	0
Dregg2.Bridge.MinaCheckpoint	0	40000	0
Dregg2.Bridge.MinaForkChoiceGate	0	40000	0
Dregg2.Bridge.MinaMultiBlockConformance	0	100000	0
Dregg2.Bridge.MinaSlidingWindow	0	100000	0
Dregg2.Bridge.MinaStateHashDerive	0	1000000	0
Dregg2.Bridge.MinaStateHashPackPrice	0	1000000	0
Dregg2.Bridge.MinaStateHashRealBlock	0	1000000	0
Dregg2.Bridge.MinaStateHashWordGate	0	100000	0
Dregg2.Bridge.MinaStepPrevCommitments	0	10000	0
Dregg2.Bridge.MinaVrfThreshold	0	40000	0
Dregg2.Bridge.MinaWrapChallenges	0	40000	0
Dregg2.Bridge.MinaWrapChallengesWeld	0	100000	0
Dregg2.Bridge.MinaWrapDeferred	0	40000	0
Dregg2.Bridge.MinaWrapDeferredWeld	0	100000	0
Dregg2.Bridge.MinaWrapFtEval0	0	40000	0
Dregg2.Bridge.MinaWrapFtEval0Weld	0	100000	0
Dregg2.Bridge.MinaWrapPublicInput	0	40000	0
Dregg2.Bridge.MinaWrapSgWeld	0	100000	0
Dregg2.Bridge.PicklesProofChainGate	0	8192	0
Dregg2.Bridge.PicklesStepStatementDiff	0	40000	0
Dregg2.Bridge.PicklesWrapShapeGate	0	8192	0
Dregg2.Bridge.StepMainFtEval0RealBlock	0	100000	0
Dregg2.Bridge.TickShifts	0	100000	0
Dregg2.Circuit.AcceptanceDischarge	0	8000	0
Dregg2.Circuit.AlgoStarkSoundFanoutMemory	0	8192	0
Dregg2.Circuit.AlgoStarkSoundFanoutSetField	0	8192	0
Dregg2.Circuit.CircuitCompletenessNonVacuityReal	0	8192	0
Dregg2.Circuit.CustomDeployedBytePin	0	40000	0
Dregg2.Circuit.Emit.AccumulatorNonRevocationComplete	4000000	0	0
Dregg2.Circuit.Emit.AccumulatorNonRevocationRefine	4000000	0	0
Dregg2.Circuit.Emit.AirColumnAlloc	0	100000	0
Dregg2.Circuit.Emit.AirCrossRow	0	100000	0
Dregg2.Circuit.Emit.AirSchedule	0	4000000	0
Dregg2.Circuit.Emit.AirSelectorForcing	0	100000	0
Dregg2.Circuit.Emit.AutomataflBraidFold	1000000	0	0
Dregg2.Circuit.Emit.AutomataflCommitRefine	800000	0	0
Dregg2.Circuit.Emit.AutomataflCoord	1000000	0	0
Dregg2.Circuit.Emit.AutomataflLegCEmit	1000000	0	0
Dregg2.Circuit.Emit.AutomataflLegCRefine	4000000	40000	0
Dregg2.Circuit.Emit.AutomataflMarks	800000	0	0
Dregg2.Circuit.Emit.AutomataflOcclusionBridge	1000000	100000	0
Dregg2.Circuit.Emit.AutomataflOcclusionBridgeN	4000000	0	0
Dregg2.Circuit.Emit.AutomataflResolveCapstone	4000000	40000	0
Dregg2.Circuit.Emit.AutomataflResolveMarksCapstone	1600000	0	0
Dregg2.Circuit.Emit.AutomataflResolveMovesCapstone	4000000	40000	0
Dregg2.Circuit.Emit.AutomataflResolveRefine	4000000	100000	0
Dregg2.Circuit.Emit.AutomataflStepBackend	1000000	0	0
Dregg2.Circuit.Emit.AutomataflStepCapstone	1000000	0	0
Dregg2.Circuit.Emit.AutomataflStepChoose	4000000	0	0
Dregg2.Circuit.Emit.AutomataflStepCoord	1000000	0	0
Dregg2.Circuit.Emit.AutomataflStepMarksCapstone	1600000	0	0
Dregg2.Circuit.Emit.AutomataflStepRefine	3200000	64000	0
Dregg2.Circuit.Emit.AutomataflStepStep	1600000	0	0
Dregg2.Circuit.Emit.AutomataflTurnCapstone	800000	0	0
Dregg2.Circuit.Emit.AvailWideFeeMember	0	16000	0
Dregg2.Circuit.Emit.AvailWideMembers	0	16000	0
Dregg2.Circuit.Emit.AvailWideMembersNarrow	0	16000	0
Dregg2.Circuit.Emit.Blake2bFoldForcing	0	8192	0
Dregg2.Circuit.Emit.CapOpenEmit	0	16000	0
Dregg2.Circuit.Emit.CarrierComposed	0	16000	0
Dregg2.Circuit.Emit.DerivationRefine	0	8000	0
Dregg2.Circuit.Emit.DerivationRung2	0	8000	0
Dregg2.Circuit.Emit.DyckStackRefine	4000000	100000	0
Dregg2.Circuit.Emit.DyckStackReplay	0	40000	0
Dregg2.Circuit.Emit.EffectVmEmitIvcStateTransitionRefine	0	4096	0
Dregg2.Circuit.Emit.EffectVmEmitRotationCaveat	6400000	0	0
Dregg2.Circuit.Emit.EffectVmEmitRotationV3	6400000	16000	0
Dregg2.Circuit.Emit.EffectVmEmitRotationWide	12800000	0	0
Dregg2.Circuit.Emit.ExactNullifierAafiRotatedStateHonest	0	131072	0
Dregg2.Circuit.Emit.ExactNullifierAafiRotatedStateRefine	0	32768	0
Dregg2.Circuit.Emit.ExactPublicTableEmit	0	100000	0
Dregg2.Circuit.Emit.FieldsCanonicity9Emit	0	8000	0
Dregg2.Circuit.Emit.FtCommWeld	0	4000000	0
Dregg2.Circuit.Emit.GraduateWideNarrow	0	16000	0
Dregg2.Circuit.Emit.KeyCanonicity9Emit	0	8000	0
Dregg2.Circuit.Emit.KimchiAssertEqual	0	20000	0
Dregg2.Circuit.Emit.KimchiCellCommit	0	40000	0
Dregg2.Circuit.Emit.KimchiComposeStepFragment	0	10000	0
Dregg2.Circuit.Emit.KimchiConditionalCircuit	0	100000	0
Dregg2.Circuit.Emit.KimchiDag	0	100000	0
Dregg2.Circuit.Emit.KimchiPoseidon2	0	20000	0
Dregg2.Circuit.Emit.KimchiPoseidonGate	0	8000	0
Dregg2.Circuit.Emit.KimchiRecursionGate	0	8000	0
Dregg2.Circuit.Emit.KimchiRootAirEval	0	20000	0
Dregg2.Circuit.Emit.KimchiStepMainCore	0	100000	0
Dregg2.Circuit.Emit.KimchiStepMainField	0	100000	0
Dregg2.Circuit.Emit.KimchiStepMainFixture	0	100000	0
Dregg2.Circuit.Emit.KimchiStepMainPins01	0	100000	0
Dregg2.Circuit.Emit.KimchiStepMainPins02	0	100000	0
Dregg2.Circuit.Emit.KimchiStepMainPins03	0	100000	0
Dregg2.Circuit.Emit.KimchiStepMainPins04	0	100000	0
Dregg2.Circuit.Emit.KimchiStepMainPins05	0	100000	0
Dregg2.Circuit.Emit.KimchiStepMainPins06	0	100000	0
Dregg2.Circuit.Emit.KimchiStepMainPins07	0	100000	0
Dregg2.Circuit.Emit.KimchiStepMainPins08	0	100000	0
Dregg2.Circuit.Emit.KimchiStepMainPins09	0	100000	0
Dregg2.Circuit.Emit.KimchiStepMainPins10	0	100000	0
Dregg2.Circuit.Emit.KimchiStepMainPins11	0	100000	0
Dregg2.Circuit.Emit.KimchiStepMainPins12	0	100000	0
Dregg2.Circuit.Emit.KimchiStepMainPins13	0	100000	0
Dregg2.Circuit.Emit.KimchiStepMainPins14	0	100000	0
Dregg2.Circuit.Emit.KimchiStepMainPins15	0	100000	0
Dregg2.Circuit.Emit.KimchiStepMainPins16	0	100000	0
Dregg2.Circuit.Emit.KimchiStepMainPins17	0	100000	0
Dregg2.Circuit.Emit.KimchiStepMainPins18	0	100000	0
Dregg2.Circuit.Emit.KimchiStepMainPins19	0	100000	0
Dregg2.Circuit.Emit.KimchiStepMainPins19d	0	100000	0
Dregg2.Circuit.Emit.KimchiStepProverChoice	0	100000	0
Dregg2.Circuit.Emit.KimchiStepStatementPins	0	100000	0
Dregg2.Circuit.Emit.KimchiWrapFinalizeSpongeGate	4000000	100000	0
Dregg2.Circuit.Emit.KimchiWrapMainCore	4000000	100000	0
Dregg2.Circuit.Emit.KimchiWrapMainField	0	1000000	0
Dregg2.Circuit.Emit.KimchiWrapMainFixture	4000000	100000	0
Dregg2.Circuit.Emit.KimchiWrapMainPins01	4000000	100000	0
Dregg2.Circuit.Emit.KimchiWrapMainPins02	4000000	100000	0
Dregg2.Circuit.Emit.KimchiWrapMainPins03	4000000	100000	0
Dregg2.Circuit.Emit.KimchiWrapMainPins04	4000000	100000	0
Dregg2.Circuit.Emit.KimchiWrapMainPins05	4000000	100000	0
Dregg2.Circuit.Emit.KimchiWrapMainPins06	4000000	100000	0
Dregg2.Circuit.Emit.KimchiWrapMainPins07	4000000	100000	0
Dregg2.Circuit.Emit.KimchiWrapMainPins08	4000000	100000	0
Dregg2.Circuit.Emit.KimchiWrapMainPins09	4000000	100000	0
Dregg2.Circuit.Emit.KimchiWrapMainPins10	4000000	100000	0
Dregg2.Circuit.Emit.KimchiWrapMainPins11	4000000	100000	0
Dregg2.Circuit.Emit.KimchiWrapMainPins12	4000000	100000	0
Dregg2.Circuit.Emit.KimchiWrapProverChoice	0	100000	0
Dregg2.Circuit.Emit.LexCompare8Emit	1600000	0	0
Dregg2.Circuit.Emit.LightClientAnchorConnectivity	1600000	4000	0
Dregg2.Circuit.Emit.LightClientEthAir	800000	0	0
Dregg2.Circuit.Emit.LightClientEthExecFold	0	8192	0
Dregg2.Circuit.Emit.LightClientEthFinFold	0	8192	0
Dregg2.Circuit.Emit.LightClientMidHashFold	0	8192	0
Dregg2.Circuit.Emit.LightClientMidnightAir	1600000	0	0
Dregg2.Circuit.Emit.LightClientMinaAir	1600000	4000	0
Dregg2.Circuit.Emit.LightClientMinaHashFold	0	8192	0
Dregg2.Circuit.Emit.LightClientMinaLinkAir	1600000	8000	0
Dregg2.Circuit.Emit.LightClientSolHashFold	0	8192	0
Dregg2.Circuit.Emit.LightClientSolStakeFoldAir	1600000	0	0
Dregg2.Circuit.Emit.LightClientSolanaAir	1600000	0	0
Dregg2.Circuit.Emit.LightClientTendermintAir	800000	0	0
Dregg2.Circuit.Emit.LightClientTmHashFold	0	8192	0
Dregg2.Circuit.Emit.MinaAccumulatorAir	0	40000	0
Dregg2.Circuit.Emit.MinaBlockFqTranscript	0	400000	0
Dregg2.Circuit.Emit.MinaBodyPreimageBitsAir	3200000	2000000	0
Dregg2.Circuit.Emit.MinaBodyPreimageSeams	0	100000	0
Dregg2.Circuit.Emit.MinaFinalizeScalars	4000000000	1000000	0
Dregg2.Circuit.Emit.MinaFinalizeScalarsProg	400000000	1000000	0
Dregg2.Circuit.Emit.MinaFinalizeScalarsWeld	4000000000	1000000	0
Dregg2.Circuit.Emit.MinaOpeningCheckWeld	4000000	20000000	0
Dregg2.Circuit.Emit.MinaPhase1Chain	0	4000000	0
Dregg2.Circuit.Emit.MinaPhase1TapeBinding	4000000	20000000	0
Dregg2.Circuit.Emit.MinaPhase2Chain	0	400000	0
Dregg2.Circuit.Emit.MinaPreambleLegsAir	0	20000	0
Dregg2.Circuit.Emit.MinaRealBlockGate	0	100000	0
Dregg2.Circuit.Emit.MinaRealBlockTranscript	0	8000	0
Dregg2.Circuit.Emit.MinaSeams	0	100000	0
Dregg2.Circuit.Emit.MinaStateBodyHashChain	0	4000000	0
Dregg2.Circuit.Emit.MinaStepSrsLagrangePin	0	100000	0
Dregg2.Circuit.Emit.MinaWrapAggregationData	4000000	20000000	0
Dregg2.Circuit.Emit.MinaWrapAggregationGate	4000000	20000000	0
Dregg2.Circuit.Emit.MinaWrapClosingAir	0	40000	0
Dregg2.Circuit.Emit.MinaWrapClosingScheduled	40000000	1000000	0
Dregg2.Circuit.Emit.MinaWrapCommitMachine	0	400000	0
Dregg2.Circuit.Emit.MinaWrapCommitStages	2000000	4000000	0
Dregg2.Circuit.Emit.MinaWrapConjunctionAir	0	100000	0
Dregg2.Circuit.Emit.MinaWrapGroupData	0	4000000	0
Dregg2.Circuit.Emit.MinaWrapGroupGate	0	4000000	0
Dregg2.Circuit.Emit.MinaWrapOpeningGate	4000000	20000000	0
Dregg2.Circuit.Emit.MinaWrapOpeningSched	400000000	1000000	0
Dregg2.Circuit.Emit.MinaWrapOpeningWeld	8000000	20000000	0
Dregg2.Circuit.Emit.MinaWrapPublicCommGate	4000000	20000000	0
Dregg2.Circuit.Emit.MinaWrapSgChunk0	0	4000000	0
Dregg2.Circuit.Emit.MinaWrapSgChunk1	0	4000000	0
Dregg2.Circuit.Emit.MinaWrapSgChunk2	0	4000000	0
Dregg2.Circuit.Emit.MinaWrapSgChunk3	0	4000000	0
Dregg2.Circuit.Emit.MinaWrapSgCore	0	4000000	0
Dregg2.Circuit.Emit.MinaWrapVerifierAir	8000000	100000	0
Dregg2.Circuit.Emit.MinaWrapVerifierProgram	0	100000	0
Dregg2.Circuit.Emit.MinaWrapVerifierSponge	0	400000	0
Dregg2.Circuit.Emit.MinaWrapVerifierSpongeFp	0	400000	0
Dregg2.Circuit.Emit.MinaWrapVkDigestChain	4000000	20000000	0
Dregg2.Circuit.Emit.MinaWrapXiAggregateMsm	4000000	4000000	0
Dregg2.Circuit.Emit.MinaWrapXiBasisWeld	4000000	4000000	0
Dregg2.Circuit.Emit.MinaWrapXiEndoLift	4000000	4000000	0
Dregg2.Circuit.Emit.MinaWrapXiScalarWeld	4000000	4000000	0
Dregg2.Circuit.Emit.OwnerFreezeWire	0	20000	0
Dregg2.Circuit.Emit.ParamComposeRefine	0	8000	0
Dregg2.Circuit.Emit.PastaAddSubSound	0	40000	0
Dregg2.Circuit.Emit.PastaBasePrime	0	8000	0
Dregg2.Circuit.Emit.PastaConeCensus	2000000	40000	0
Dregg2.Circuit.Emit.PastaCurveScheduled	4000000	1000000	0
Dregg2.Circuit.Emit.PastaCurveSound	4000000	40000	0
Dregg2.Circuit.Emit.PastaFieldSound	0	40000	0
Dregg2.Circuit.Emit.PastaLadderThread	0	40000	0
Dregg2.Circuit.Emit.PastaMsmBound	0	100000	0
Dregg2.Circuit.Emit.PastaMsmBucketed	0	8000	0
Dregg2.Circuit.Emit.PastaMsmLayouts	0	8000	0
Dregg2.Circuit.Emit.PastaMsmOnCurve	0	400000	0
Dregg2.Circuit.Emit.PastaMsmScalarDerive	0	1000000	0
Dregg2.Circuit.Emit.PastaMsmSliced	0	40000	0
Dregg2.Circuit.Emit.PastaMsmWindowed	0	40000	0
Dregg2.Circuit.Emit.PastaScalarPrime	0	8000	0
Dregg2.Circuit.Emit.PastaSzMul	0	40000	0
Dregg2.Circuit.Emit.PiDeclarationDeployed	4000000	40000	0
Dregg2.Circuit.Emit.PicklesDerivePlonkRealGate	0	4000	0
Dregg2.Circuit.Emit.PicklesFinalize	0	8000	0
Dregg2.Circuit.Emit.PicklesRecursion	0	40000	0
Dregg2.Circuit.Emit.PicklesTranscriptBinding	0	4000	0
Dregg2.Circuit.Emit.PicklesVerifyPreamble	0	8192	0
Dregg2.Circuit.Emit.PinsTiedCensus	0	8000	0
Dregg2.Circuit.Emit.PredicatesArithmeticRefine	0	8000	0
Dregg2.Circuit.Emit.PredicatesGtRefine	0	8000	0
Dregg2.Circuit.Emit.PredicatesInRangeRefine	0	8000	0
Dregg2.Circuit.Emit.PredicatesLeRefine	0	8000	0
Dregg2.Circuit.Emit.PredicatesLtRefine	0	8000	0
Dregg2.Circuit.Emit.PredicatesNeqRefine	0	8000	0
Dregg2.Circuit.Emit.PredicatesRelationalCompoundRefine	0	8000	0
Dregg2.Circuit.Emit.PredicatesRelationalCompoundRung2	0	8000	0
Dregg2.Circuit.Emit.PredicatesRelationalCompoundRung2Full	0	8000	0
Dregg2.Circuit.Emit.RotWideCompactE1	0	8000	0
Dregg2.Circuit.Emit.RotWideCompactS2	0	8000	0
Dregg2.Circuit.Emit.Sha256HfoldDischarge	0	8192	0
Dregg2.Circuit.Emit.Sha256MerkleFold	0	8192	0
Dregg2.Circuit.Emit.ShieldedDeshieldValueLinkEmit	0	40000	0
Dregg2.Circuit.Emit.ShieldedSpendCompleteEmit	0	8192	0
Dregg2.Circuit.Emit.ShieldedTransferValueLink2OutEmit	0	100000	0
Dregg2.Circuit.Emit.ShieldedTransferValueLinkEmit	0	40000	0
Dregg2.Circuit.Emit.WideValueBindingRefine	0	4000	0
Dregg2.Circuit.FriCorrelatedAgreementSharp	0	8000	0
Dregg2.Circuit.FriDecodedDomainRebase	0	8000	0
Dregg2.Circuit.FriFoldConsistencyDichotomy	1000000	0	0
Dregg2.Circuit.FriLdtExtractDeployed	0	100000	0
Dregg2.Circuit.FriLdtJohnsonList	0	4000	0
Dregg2.Circuit.KeyLanes9	0	20000	0
Dregg2.Circuit.LogUpColumnLayout	0	8000	0
Dregg2.Circuit.OodColumnLayout	0	4096	0
Dregg2.Circuit.RotatedKernelRefinement	800000	0	0
Dregg2.Circuit.RotatedKernelRefinementAvailWideCompact	0	16000	0
Dregg2.Circuit.RotatedKernelRefinementAvailWideCompactE1	0	16000	0
Dregg2.Circuit.RotatedKernelRefinementFacet	800000	0	0
Dregg2.Circuit.RotatedKernelRefinementFacetTurnBound	800000	0	0
Dregg2.Circuit.RotatedKernelRefinementMintBurn	800000	0	0
Dregg2.Circuit.Satisfied2FaithfulActive	0	8192	0
Dregg2.Circuit.TableAirIR	0	8000	0
Dregg2.Circuit.TurnCircuitCompose	800000	0	0
Dregg2.Circuit.TurnEffectRefinement	800000	0	0
Dregg2.Circuit.TurnEmit	800000	0	0
Dregg2.Crypto.Arith.RowLibraryExperiment	0	4000	0
Dregg2.Crypto.AuthenticatedBitMac	0	0	1
Dregg2.Crypto.BN254.Bilinearity	0	100000	0
Dregg2.Crypto.BN254.Primality	0	8000	0
Dregg2.Crypto.BN254.TowerField	0	100000	0
Dregg2.Crypto.CodecRoundTrip	0	8000	0
Dregg2.Crypto.CrateGeneratedKats	0	100000	0
Dregg2.Crypto.DealerlessChosenVoleMac	0	0	1
Dregg2.Crypto.DealerlessPartyLocalComposition	0	0	1
Dregg2.Crypto.DealerlessPreprocessing	0	0	1
Dregg2.Crypto.DecapsCoreSpec	0	8000	1
Dregg2.Crypto.Deriv.RealGuardDecisionLift	0	20000	0
Dregg2.Crypto.EncapsCoreSpec	0	8000	0
Dregg2.Crypto.Fips204CorrectReal	1000000	20000	1
Dregg2.Crypto.Fips204FullDim	1000000	20000	0
Dregg2.Crypto.InvertibilityD2	0	20000	0
Dregg2.Crypto.InvertibilityNorm	0	20000	0
Dregg2.Crypto.InvertibilityNormGen	0	40000	0
Dregg2.Crypto.Keccak.Fips202Lfsr	0	4000000	0
Dregg2.Crypto.MlDsaCodec	0	20000	0
Dregg2.Crypto.MlDsaHintCodec	0	8000	0
Dregg2.Crypto.MlDsaKeygenRefine	0	8000	1
Dregg2.Crypto.MlDsaSigCodecClosed	0	8000	0
Dregg2.Crypto.MlDsaSigGenAcvp	0	1000000	0
Dregg2.Crypto.MlDsaSigVerAcvp	0	1000000	0
Dregg2.Crypto.MlKemCodecSpec	0	8000	1
Dregg2.Crypto.MlKemCorrect	800000	0	1
Dregg2.Crypto.MlKemDelta	1000000	20000	0
Dregg2.Crypto.MlKemEncapsAcvp	0	1000000	0
Dregg2.Crypto.MlKemFips203FullDim	1000000	100000	0
Dregg2.Crypto.MlKemKeygenRefine	0	8000	1
Dregg2.Crypto.MlKemNttFaithful	4000000	100000	0
Dregg2.Crypto.NttFaithful	4000000	100000	0
Dregg2.Crypto.PrivateGraphRewriteAirBridge	0	20000	0
Dregg2.Crypto.PrivateGraphRewriteCellDescriptor	0	10000	0
Dregg2.Crypto.PrivateGraphRewriteDescriptor	0	10000	0
Dregg2.Crypto.SpongeCompressionRegrounded	1000000	0	0
Dregg2.Crypto.VerifyCoreArgAssembly	0	20000	0
Dregg2.Crypto.VerifyCoreArgRows	0	20000	0
Dregg2.Crypto.VerifyCoreEqSpec	0	8000	0
Dregg2.Crypto.VerifyCoreEqSpecW	0	8000	0
Dregg2.Crypto.VerifyCoreHashFrame	0	8000	0
Dregg2.Crypto.VerifyCoreUseHint	0	8000	0
Dregg2.Exec.CodecRoundtrip.Action	4000000	0	0
Dregg2.Exec.CodecRoundtrip.Forest	1000000	0	0
Dregg2.Exec.CodecRoundtrip.SideTables	1000000	0	0
Dregg2.Exec.CodecRoundtrip.Wire	2000000	0	0
Dregg2.ForMathlib.CertifiedInterval	0	0	1
Dregg2.ForMathlib.GuruswamiSudan	0	0	1
Dregg2.ForMathlib.IntervalConvolution	0	0	1
Dregg2.ForMathlib.IntervalFFT	0	0	1
Dregg2.ForMathlib.PolishchukSpielman	0	0	1
Dregg2.Games.AutomataflBraid	800000	0	0
Dregg2.Games.PathOfAngels.AngelsEpoch2World	0	100000	0
Dregg2.Games.PathOfAngels.AngelsEpoch2WorldEmitMain	0	100000	0
Dregg2.Games.PathOfAngels.AttendantKernel	0	4096	0
Dregg2.Games.PathOfAngels.BazaarGame	800000	100000	0
Dregg2.Games.PathOfAngels.BazaarGameExamples	2000000	100000	0
Dregg2.Games.PathOfAngels.BazaarGameRuntime	0	100000	0
Dregg2.Games.PathOfAngels.CrewFieldMissionAdmission	0	20000	0
Dregg2.Games.PathOfAngels.CrewFieldMissionAdmissionFixtures	0	20000	0
Dregg2.Games.PathOfAngels.CrewSigningVectors	0	131072	0
Dregg2.Games.PathOfAngels.NightWatchCampaign	2000000	100000	0
Dregg2.Games.PathOfAngels.NightWatchCampaignAdmission	0	10000	0
Dregg2.Games.PathOfAngels.NightWatchCampaignContent	0	10000	0
Dregg2.Games.PathOfAngels.NightWatchCampaignExamples	0	100000	0
Dregg2.Games.PathOfAngels.NightWatchCampaignWire	0	10000	0
Dregg2.Games.PathOfAngels.OrdinarySalvageExchange	2000000	100000	0
Dregg2.Games.PathOfAngels.OrdinarySalvageExchangeExamples	2000000	100000	0
Dregg2.Games.PathOfAngels.PoaCrewPreferenceDrExExercise	1200000	10000	0
Dregg2.Games.PrivatePreferenceCellDescriptor	0	10000	0
Dregg2.Games.PrivateQuestGraphDescriptor	0	10000	0
Dregg2.Metatheory.DirectLogicBoolGraphDescriptorIR2	2000000	0	0
Dregg2.Metatheory.TypedLinearPredicateDescriptorIR2	2000000	10000	0
Dregg2.Verify.FloorCensus	0	8000	0
Dregg2.Verify.FloorRatchet	0	8000	0
Dregg2.Verify.FreeConclusionRatchet	0	4000	0
Market.AggregateBinding	0	20000	0
Market.DarkBazaarPrivateDescriptor	0	4000	0
Market.DarkBazaarPrivatePoaSettlementDescriptor	0	100000	0
Market.PrivateBookBfvButterflyAir	4000000	100000	0
Market.PrivateBookBfvButterflyFaithful	4000000	100000	0
Market.PrivateBookBfvExactPublicConsumer	4000000	100000	0
Market.PrivateBookBfvNttFamily	4000000	100000	0
Market.WideCommitBoundary	0	1000	0
Polis.PolisAuthGameN	0	1024	0
Polis.PolisAuthGrandDatalog	0	1024	0
Polis.PolisAuthLive	0	1024	0
Polis.PolisSandboxAgent	0	8000	0
Polis.PolisSandboxGradedComposed	0	4000	0
Polis.PolisSandboxLiveness	0	2048	0
